{
  "satellite_1:1": {
    "flow_med": 0.21428571428571427,
    "flow_mad": 0.07142857142857142,
    "curr_med": 0.4330787953262636,
    "leak_threshold": 5.214285714285714,
    "warn_up": 3.2142857142857144,
    "warn_down": -2.7857142857142856,
    "n_kept": 10,
    "n_all": 10,
    "phantom": true
  },
  "satellite_1:17": {
    "flow_med": 4.5625,
    "flow_mad": 0.3125,
    "curr_med": 0.7793037139617651,
    "leak_threshold": 9.5625,
    "warn_up": 7.5625,
    "warn_down": 1.5625,
    "n_kept": 20,
    "n_all": 21,
    "phantom": false
  },
  "satellite_1:17/satellite_1:39": {
    "flow_med": 4.708333333333333,
    "flow_mad": 0.29166666666666696,
    "curr_med": 1.0908787357914562,
    "leak_threshold": 9.708333333333332,
    "warn_up": 7.708333333333333,
    "warn_down": 1.708333333333333,
    "n_kept": 49,
    "n_all": 49,
    "phantom": false
  },
  "satellite_1:28": {
    "flow_med": 0.0,
    "flow_mad": 0.0,
    "curr_med": 0.43161215796485075,
    "leak_threshold": 5.0,
    "warn_up": 3.0,
    "warn_down": -3.0,
    "n_kept": 10,
    "n_all": 10,
    "phantom": true
  },
  "satellite_1:29": {
    "flow_med": 13.571428571428571,
    "flow_mad": 1.2142857142857153,
    "curr_med": 0.7475215661479709,
    "leak_threshold": 18.57142857142857,
    "warn_up": 16.57142857142857,
    "warn_down": 10.571428571428571,
    "n_kept": 7,
    "n_all": 10,
    "phantom": false
  },
  "satellite_1:30": {
    "flow_med": 7.625,
    "flow_mad": 0.625,
    "curr_med": 0.7366787678486603,
    "leak_threshold": 12.625,
    "warn_up": 10.625,
    "warn_down": 4.625,
    "n_kept": 10,
    "n_all": 10,
    "phantom": false
  },
  "satellite_1:31": {
    "flow_med": 8.321428571428571,
    "flow_mad": 0.9999999999999996,
    "curr_med": 0.7404500895025197,
    "leak_threshold": 13.321428571428571,
    "warn_up": 11.321428571428571,
    "warn_down": 5.321428571428571,
    "n_kept": 10,
    "n_all": 10,
    "phantom": false
  },
  "satellite_1:32": {
    "flow_med": 7.9375,
    "flow_mad": 0.75,
    "curr_med": 0.7383288821658582,
    "leak_threshold": 12.9375,
    "warn_up": 10.9375,
    "warn_down": 4.9375,
    "n_kept": 10,
    "n_all": 11,
    "phantom": false
  },
  "satellite_1:40": {
    "flow_med": 0.1111111111111111,
    "flow_mad": 0.10317460317460317,
    "curr_med": 0.4029071910961261,
    "leak_threshold": 5.111111111111111,
    "warn_up": 3.111111111111111,
    "warn_down": -2.888888888888889,
    "n_kept": 49,
    "n_all": 49,
    "phantom": true
  },
  "satellite_2:1": {
    "flow_med": 8.375,
    "flow_mad": 0.875,
    "curr_med": 0.7861785888671879,
    "leak_threshold": 13.375,
    "warn_up": 11.375,
    "warn_down": 5.375,
    "n_kept": 33,
    "n_all": 36,
    "phantom": false
  },
  "satellite_2:2": {
    "flow_med": 12.875,
    "flow_mad": 0.375,
    "curr_med": 0.7960787592707457,
    "leak_threshold": 17.875,
    "warn_up": 15.875,
    "warn_down": 9.875,
    "n_kept": 27,
    "n_all": 49,
    "phantom": false
  },
  "satellite_2:3": {
    "flow_med": 7.75,
    "flow_mad": 0.75,
    "curr_med": 0.7911286740689668,
    "leak_threshold": 12.75,
    "warn_up": 10.75,
    "warn_down": 4.75,
    "n_kept": 31,
    "n_all": 34,
    "phantom": false
  },
  "satellite_2:4": {
    "flow_med": 7.0,
    "flow_mad": 0.875,
    "curr_med": 0.7960785015209308,
    "leak_threshold": 12.0,
    "warn_up": 10.0,
    "warn_down": 4.0,
    "n_kept": 30,
    "n_all": 33,
    "phantom": false
  },
  "satellite_2:5": {
    "flow_med": 4.5,
    "flow_mad": 0.0,
    "curr_med": 0.7861788466170034,
    "leak_threshold": 9.5,
    "warn_up": 7.5,
    "warn_down": 1.5,
    "n_kept": 31,
    "n_all": 33,
    "phantom": false
  },
  "satellite_2:6": {
    "flow_med": 11.5,
    "flow_mad": 0.0,
    "curr_med": 0.7820536896989154,
    "leak_threshold": 16.5,
    "warn_up": 14.5,
    "warn_down": 8.5,
    "n_kept": 46,
    "n_all": 49,
    "phantom": false
  },
  "satellite_2:7": {
    "flow_med": 7.909090909090909,
    "flow_mad": 0.9090909090909092,
    "curr_med": 0.784978786909024,
    "leak_threshold": 12.90909090909091,
    "warn_up": 10.90909090909091,
    "warn_down": 4.909090909090909,
    "n_kept": 31,
    "n_all": 37,
    "phantom": false
  },
  "satellite_2:11": {
    "flow_med": 6.714285714285714,
    "flow_mad": 1.0,
    "curr_med": 0.7946645964987031,
    "leak_threshold": 11.714285714285715,
    "warn_up": 9.714285714285715,
    "warn_down": 3.7142857142857144,
    "n_kept": 29,
    "n_all": 36,
    "phantom": false
  },
  "satellite_2:17": {
    "flow_med": 9.0,
    "flow_mad": 0.0,
    "curr_med": 0.7589536357570348,
    "leak_threshold": 14.0,
    "warn_up": 12.0,
    "warn_down": 6.0,
    "n_kept": 44,
    "n_all": 49,
    "phantom": false
  },
  "satellite_3:4": {
    "flow_med": 9.0,
    "flow_mad": 0.0,
    "curr_med": 0.9412787669413814,
    "leak_threshold": 14.0,
    "warn_up": 12.0,
    "warn_down": 6.0,
    "n_kept": 39,
    "n_all": 49,
    "phantom": false
  },
  "satellite_3:11": {
    "flow_med": 10.0,
    "flow_mad": 1.125,
    "curr_med": 0.7383288821658585,
    "leak_threshold": 15.0,
    "warn_up": 13.0,
    "warn_down": 7.0,
    "n_kept": 19,
    "n_all": 31,
    "phantom": true,
    "below_meter_floor": true,
    "note": "Low-flow valve below HUNTER meter reading capacity. The 10 GPM baseline was likely picking up concurrent city-water flow. Skip flow-based detection for this bin."
  },
  "satellite_3:12": {
    "flow_med": 14.75,
    "flow_mad": 1.5625,
    "curr_med": 0.7424537813341308,
    "leak_threshold": 19.75,
    "warn_up": 17.75,
    "warn_down": 11.75,
    "n_kept": 22,
    "n_all": 33,
    "phantom": false
  },
  "satellite_3:19": {
    "flow_med": 3.375,
    "flow_mad": 0.375,
    "curr_med": 0.8472289523562877,
    "leak_threshold": 8.375,
    "warn_up": 6.375,
    "warn_down": 0.375,
    "n_kept": 43,
    "n_all": 49,
    "phantom": false
  },
  "satellite_4:2": {
    "flow_med": 6.5,
    "flow_mad": 0.25,
    "curr_med": 0.8076287862416867,
    "leak_threshold": 11.5,
    "warn_up": 9.5,
    "warn_down": 3.5,
    "n_kept": 39,
    "n_all": 49,
    "phantom": false
  },
  "satellite_4:13": {
    "flow_med": 6.375,
    "flow_mad": 0.125,
    "curr_med": 0.7886537603429851,
    "leak_threshold": 11.375,
    "warn_up": 9.375,
    "warn_down": 3.375,
    "n_kept": 46,
    "n_all": 49,
    "phantom": false
  }
}